<metadata xml:lang="zh"><Esri><CreaDate>20160414</CreaDate><CreaTime>12161800</CreaTime><ArcGISFormat>1.0</ArcGISFormat><SyncOnce>FALSE</SyncOnce><DataProperties><itemProps><itemName Sync="TRUE">河川水質監測站_121_10503</itemName><imsContentType Sync="TRUE">002</imsContentType><itemLocation><linkage Sync="TRUE">file://\\TCGIS\D$\ExportSDE\1050406\shp\河川水質監測站_121_10503.shp</linkage><protocol Sync="TRUE">Local Area Network</protocol></itemLocation><itemSize Sync="TRUE">0.000</itemSize></itemProps><coordRef><type Sync="TRUE">Projected</type><geogcsn Sync="TRUE">GCS_TWD_1997</geogcsn><projcsn Sync="TRUE">TWD_1997_TM_Taiwan</projcsn><peXml Sync="TRUE">&lt;ProjectedCoordinateSystem xsi:type='typens:ProjectedCoordinateSystem' xmlns:xsi='http://www.w3.org/2001/XMLSchema-instance' xmlns:xs='http://www.w3.org/2001/XMLSchema' xmlns:typens='http://www.esri.com/schemas/ArcGIS/10.0'&gt;&lt;WKT&gt;PROJCS[&amp;quot;TWD_1997_TM_Taiwan&amp;quot;,GEOGCS[&amp;quot;GCS_TWD_1997&amp;quot;,DATUM[&amp;quot;D_TWD_1997&amp;quot;,SPHEROID[&amp;quot;GRS_1980&amp;quot;,6378137.0,298.257222101]],PRIMEM[&amp;quot;Greenwich&amp;quot;,0.0],UNIT[&amp;quot;Degree&amp;quot;,0.0174532925199433]],PROJECTION[&amp;quot;Transverse_Mercator&amp;quot;],PARAMETER[&amp;quot;False_Easting&amp;quot;,250000.0],PARAMETER[&amp;quot;False_Northing&amp;quot;,0.0],PARAMETER[&amp;quot;Central_Meridian&amp;quot;,121.0],PARAMETER[&amp;quot;Scale_Factor&amp;quot;,0.9999],PARAMETER[&amp;quot;Latitude_Of_Origin&amp;quot;,0.0],UNIT[&amp;quot;Meter&amp;quot;,1.0],AUTHORITY[&amp;quot;ESRI&amp;quot;,102443]]&lt;/WKT&gt;&lt;XOrigin&gt;-5372600&lt;/XOrigin&gt;&lt;YOrigin&gt;-10001100&lt;/YOrigin&gt;&lt;XYScale&gt;450310428.58990461&lt;/XYScale&gt;&lt;ZOrigin&gt;-100000&lt;/ZOrigin&gt;&lt;ZScale&gt;10000&lt;/ZScale&gt;&lt;MOrigin&gt;-100000&lt;/MOrigin&gt;&lt;MScale&gt;10000&lt;/MScale&gt;&lt;XYTolerance&gt;0.001&lt;/XYTolerance&gt;&lt;ZTolerance&gt;0.001&lt;/ZTolerance&gt;&lt;MTolerance&gt;0.001&lt;/MTolerance&gt;&lt;HighPrecision&gt;true&lt;/HighPrecision&gt;&lt;WKID&gt;102443&lt;/WKID&gt;&lt;/ProjectedCoordinateSystem&gt;</peXml></coordRef><lineage><Process ToolSource="C:\Program Files (x86)\ArcGIS\Desktop10.0\ArcToolbox\Toolboxes\Conversion Tools.tbx\FeatureClassToFeatureClass" Date="20160414" Time="121619">FeatureClassToFeatureClass "D:\ImportSDE\10503 環保署監資處\WQX_P_06_0329110_epawqx\河川水質監測站.shp" "Database Connections\sde@dc@epavec10_101@TCGDB.sde\epavec10_101.SDE.WATER_121" 河川水質監測站_121_10503 # "SiteName "SiteName" true true false 254 Text 0 0 ,First,#,D:\ImportSDE\10503 環保署監資處\WQX_P_06_0329110_epawqx\河川水質監測站.shp,SiteName,-1,-1;SiteEngNam "SiteEngNam" true true false 254 Text 0 0 ,First,#,D:\ImportSDE\10503 環保署監資處\WQX_P_06_0329110_epawqx\河川水質監測站.shp,SiteEngNam,-1,-1;County "County" true true false 254 Text 0 0 ,First,#,D:\ImportSDE\10503 環保署監資處\WQX_P_06_0329110_epawqx\河川水質監測站.shp,County,-1,-1;Township "Township" true true false 254 Text 0 0 ,First,#,D:\ImportSDE\10503 環保署監資處\WQX_P_06_0329110_epawqx\河川水質監測站.shp,Township,-1,-1;Basin "Basin" true true false 254 Text 0 0 ,First,#,D:\ImportSDE\10503 環保署監資處\WQX_P_06_0329110_epawqx\河川水質監測站.shp,Basin,-1,-1;River "River" true true false 254 Text 0 0 ,First,#,D:\ImportSDE\10503 環保署監資處\WQX_P_06_0329110_epawqx\河川水質監測站.shp,River,-1,-1;TWD97Lon "TWD97Lon" true true false 19 Double 0 0 ,First,#,D:\ImportSDE\10503 環保署監資處\WQX_P_06_0329110_epawqx\河川水質監測站.shp,TWD97Lon,-1,-1;TWD97Lat "TWD97Lat" true true false 19 Double 0 0 ,First,#,D:\ImportSDE\10503 環保署監資處\WQX_P_06_0329110_epawqx\河川水質監測站.shp,TWD97Lat,-1,-1;TWD97TM2X "TWD97TM2X" true true false 19 Double 0 0 ,First,#,D:\ImportSDE\10503 環保署監資處\WQX_P_06_0329110_epawqx\河川水質監測站.shp,TWD97TM2X,-1,-1;TWD97TM2Y "TWD97TM2Y" true true false 19 Double 0 0 ,First,#,D:\ImportSDE\10503 環保署監資處\WQX_P_06_0329110_epawqx\河川水質監測站.shp,TWD97TM2Y,-1,-1;SiteAddres "SiteAddres" true true false 254 Text 0 0 ,First,#,D:\ImportSDE\10503 環保署監資處\WQX_P_06_0329110_epawqx\河川水質監測站.shp,SiteAddres,-1,-1" #</Process><Process ToolSource="C:\Program Files (x86)\ArcGIS\Desktop10.0\ArcToolbox\Toolboxes\Data Management Tools.tbx\CopyFeatures" Date="20160414" Time="122547">CopyFeatures "Database Connections\sde@dc@epavec10_101@TCGDB.sde\epavec10_101.SDE.WATER_121\epavec10_101.SDE.河川水質監測站_121_10503" D:\ExportSDE\1050406\shp\河川水質監測站_121_10503.shp # 0 0 0</Process></lineage></DataProperties><SyncDate>20160414</SyncDate><SyncTime>12254700</SyncTime><ModDate>20160414</ModDate><ModTime>12254700</ModTime></Esri><dataIdInfo><envirDesc Sync="TRUE">Microsoft Windows Server 2008 R2 Version 6.1 (Build 7601) Service Pack 1; ESRI ArcGIS 10.0.0.2414</envirDesc><dataLang><languageCode value="zho" country="TWN"/></dataLang><idCitation><resTitle Sync="TRUE">河川水質監測站_121_10503</resTitle><presForm><PresFormCd value="005"/></presForm></idCitation><descKeys><thesaName uuidref="723f6998-058e-11dc-8314-0800200c9a66"/><keyword Sync="TRUE">002</keyword></descKeys><spatRpType><SpatRepTypCd value="001"/></spatRpType></dataIdInfo><mdLang><languageCode value="zho"/></mdLang><distInfo><distFormat><formatName Sync="TRUE">Shapefile</formatName></distFormat><distTranOps><transSize Sync="TRUE">0.000</transSize></distTranOps></distInfo><mdHrLv><ScopeCd value="005"/></mdHrLv><mdHrLvName Sync="TRUE">dataset</mdHrLvName><refSysInfo><RefSystem><refSysID><identCode code="102443"/><idCodeSpace Sync="TRUE">ESRI</idCodeSpace><idVersion Sync="TRUE">10.0.0</idVersion></refSysID></RefSystem></refSysInfo><spdoinfo><ptvctinf><esriterm Name="河川水質監測站_121_10503"><efeatyp Sync="TRUE">Simple</efeatyp><efeageom Sync="TRUE">1</efeageom><esritopo Sync="TRUE">FALSE</esritopo><efeacnt Sync="TRUE">0</efeacnt><spindex Sync="TRUE">FALSE</spindex><linrefer Sync="TRUE">FALSE</linrefer></esriterm></ptvctinf></spdoinfo><spatRepInfo><VectSpatRep><topLvl><TopoLevCd value="001"/></topLvl><geometObjs><geoObjTyp><GeoObjTypCd value="004"/><geoObjCnt Sync="TRUE">0</geoObjCnt></geoObjTyp></geometObjs></VectSpatRep></spatRepInfo><eainfo><detailed Name="河川水質監測站_121_10503"><enttyp><enttypl Sync="TRUE">河川水質監測站_121_10503</enttypl><enttypt Sync="TRUE">Feature Class</enttypt><enttypc Sync="TRUE">0</enttypc></enttyp><attr><attrlabl Sync="TRUE">FID</attrlabl><attalias Sync="TRUE">FID</attalias><attrtype Sync="TRUE">OID</attrtype><attwidth Sync="TRUE">4</attwidth><atprecis Sync="TRUE">0</atprecis><attscale Sync="TRUE">0</attscale><attrdef Sync="TRUE">Internal feature number.</attrdef><attrdefs Sync="TRUE">ESRI</attrdefs><attrdomv><udom Sync="TRUE">Sequential unique whole numbers that are automatically generated.</udom></attrdomv></attr><attr><attrlabl Sync="TRUE">SiteName</attrlabl><attalias Sync="TRUE">SiteName</attalias><attrtype Sync="TRUE">String</attrtype><attwidth Sync="TRUE">254</attwidth><atprecis Sync="TRUE">0</atprecis><attscale Sync="TRUE">0</attscale></attr><attr><attrlabl Sync="TRUE">SiteEngNam</attrlabl><attalias Sync="TRUE">SiteEngNam</attalias><attrtype Sync="TRUE">String</attrtype><attwidth Sync="TRUE">254</attwidth><atprecis Sync="TRUE">0</atprecis><attscale Sync="TRUE">0</attscale></attr><attr><attrlabl Sync="TRUE">County</attrlabl><attalias Sync="TRUE">County</attalias><attrtype Sync="TRUE">String</attrtype><attwidth Sync="TRUE">254</attwidth><atprecis Sync="TRUE">0</atprecis><attscale Sync="TRUE">0</attscale></attr><attr><attrlabl Sync="TRUE">Township</attrlabl><attalias Sync="TRUE">Township</attalias><attrtype Sync="TRUE">String</attrtype><attwidth Sync="TRUE">254</attwidth><atprecis Sync="TRUE">0</atprecis><attscale Sync="TRUE">0</attscale></attr><attr><attrlabl Sync="TRUE">Basin</attrlabl><attalias Sync="TRUE">Basin</attalias><attrtype Sync="TRUE">String</attrtype><attwidth Sync="TRUE">254</attwidth><atprecis Sync="TRUE">0</atprecis><attscale Sync="TRUE">0</attscale></attr><attr><attrlabl Sync="TRUE">River</attrlabl><attalias Sync="TRUE">River</attalias><attrtype Sync="TRUE">String</attrtype><attwidth Sync="TRUE">254</attwidth><atprecis Sync="TRUE">0</atprecis><attscale Sync="TRUE">0</attscale></attr><attr><attrlabl Sync="TRUE">TWD97Lon</attrlabl><attalias Sync="TRUE">TWD97Lon</attalias><attrtype Sync="TRUE">Double</attrtype><attwidth Sync="TRUE">19</attwidth><atprecis Sync="TRUE">18</atprecis><attscale Sync="TRUE">8</attscale></attr><attr><attrlabl Sync="TRUE">TWD97Lat</attrlabl><attalias Sync="TRUE">TWD97Lat</attalias><attrtype Sync="TRUE">Double</attrtype><attwidth Sync="TRUE">19</attwidth><atprecis Sync="TRUE">18</atprecis><attscale Sync="TRUE">8</attscale></attr><attr><attrlabl Sync="TRUE">TWD97TM2X</attrlabl><attalias Sync="TRUE">TWD97TM2X</attalias><attrtype Sync="TRUE">Double</attrtype><attwidth Sync="TRUE">19</attwidth><atprecis Sync="TRUE">18</atprecis><attscale Sync="TRUE">8</attscale></attr><attr><attrlabl Sync="TRUE">TWD97TM2Y</attrlabl><attalias Sync="TRUE">TWD97TM2Y</attalias><attrtype Sync="TRUE">Double</attrtype><attwidth Sync="TRUE">19</attwidth><atprecis Sync="TRUE">18</atprecis><attscale Sync="TRUE">8</attscale></attr><attr><attrlabl Sync="TRUE">SiteAddres</attrlabl><attalias Sync="TRUE">SiteAddres</attalias><attrtype Sync="TRUE">String</attrtype><attwidth Sync="TRUE">254</attwidth><atprecis Sync="TRUE">0</atprecis><attscale Sync="TRUE">0</attscale></attr><attr><attrlabl Sync="TRUE">Shape</attrlabl><attalias Sync="TRUE">Shape</attalias><attrtype Sync="TRUE">Geometry</attrtype><attwidth Sync="TRUE">0</attwidth><atprecis Sync="TRUE">0</atprecis><attscale Sync="TRUE">0</attscale><attrdef Sync="TRUE">Feature geometry.</attrdef><attrdefs Sync="TRUE">ESRI</attrdefs><attrdomv><udom Sync="TRUE">Coordinates defining the features.</udom></attrdomv></attr></detailed></eainfo><mdDateSt Sync="TRUE">20160414</mdDateSt></metadata>
