river_id,river_name,river_ename,basin_id,in_id,gov_id,river_link
165000,鹽水溪,Yanshui River,1650,0,6,0@165000
165040,大洲排水,Dazhou Drainage,1650,165000,6,0@165000@165040
165050,柴頭港溪排水,Chaitougang River Drainage,1650,165000,6,0@165000@165050
165060,鹽水溪排水,Yanshui River Drainage,1650,165000,6,0@165000@165060
165061,曾文溪排水,Zengwen River Drainage,1650,165060,6,0@165000@165060@165061
165062,安順寮排水,Anshunliao Drainage,1650,165060,6,0@165000@165060@165062
220000,卑南溪,Beinan River,2200,0,8,0@220000
2200J0,電光一號溪,Dianguang No.1 River,2200,220000,8,0@220000@2200J0
2200K0,電光二號溪,Dianguang No.2 River,2200,220000,8,0@220000@2200K0
250000,和平溪,Heping River,2500,0,1,0@250000
250010,和平北溪,Heping North River,2500,250000,1,0@250000@250010
250020,和平南溪,Heping South River,2500,250000,1,0@250000@250020
250030,楓溪,Feng River,2500,250000,1,0@250000@250030
251000,南澳溪,Nanao River,2510,0,1,0@251000
251010,南澳北溪,Nanao North River,2510,251000,1,0@251000@251010
251020,南澳南溪,Nanao South River,2510,251000,1,0@251000@251020
252000,東澳溪,Dongao River,2520,0,1,0@252000
253000,蘇澳溪,Suao River,2530,0,1,0@253000
253010,白米溪,Baimi River,2530,253000,1,0@253000@253010
254000,新城溪,Xincheng River,2540,0,1,0@254000
255000,冬山河,Dongshan River,2550,0,1,0@255000
256000,蘭陽溪,Lanyang River,2560,0,1,0@256000
256010,羅東溪,Luodong River,2560,256000,1,0@256000@256010
256011,打狗溪,Dagou River,2560,256010,1,0@256000@256010@256011
256012,安農溪,Annong River,2560,256010,1,0@256000@256010@256012
256018,大坑溪,Dakeng River,2560,256012,1,0@256000@256010@256012@256018
256019,柑仔坑溪,Ganzaikeng River,2560,256012,1,0@256000@256010@256012@256019
256013,出水溪,Chushui River,2560,256010,1,0@256000@256010@256013
256014,寒溪,Han River,2560,256010,1,0@256000@256010@256014
256020,宜蘭河,Yilan River,2560,256000,1,0@256000@256020
256021,五十溪,Wushi River,2560,256020,1,0@256000@256020@256021
256022,大湖溪,Dahu River,2560,256020,1,0@256000@256020@256022
256023,大礁溪,Dajiao River,2560,256020,1,0@256000@256020@256023
256024,小礁溪,Xiaojiao River,2560,256020,1,0@256000@256020@256024
256030,清水溪,Qingshui River,2560,256000,1,0@256000@256030
256040,粗坑溪,Cukeng River,2560,256000,1,0@256000@256040
256050,頂粗坑溪,Dingcukeng River,2560,256000,1,0@256000@256050
256060,崙埤溪,Lunpizi River,2560,256000,1,0@256000@256060
256070,破鐺溪,Podang River,2560,256000,1,0@256000@256070
256080,松羅溪,Songluo River,2560,256000,1,0@256000@256080
256090,圓山溪,Yuanshan River,2560,256000,1,0@256000@256090
2560A0,梵梵溪,Fanfan River,2560,256000,1,0@256000@2560A0
2560B0,排谷溪,Paigu River,2560,256000,1,0@256000@2560B0
2560C0,東壘溪,Donglei River,2560,256000,1,0@256000@2560C0
2560D0,碼崙溪,Malun River,2560,256000,1,0@256000@2560D0
2560E0,土場溪,Tuchang River,2560,256000,1,0@256000@2560E0
2560F0,天狗溪,Tiangou River,2560,256000,1,0@256000@2560F0
257000,得子口溪,Dezikou River,2570,0,1,0@257000
258000,金面溪,Jinmian River,2580,0,1,0@258000
259000,福德溪,Fude River,2590,0,1,0@259000
260000,頭城溪,Toucheng River,2600,0,1,0@260000
261000,大溪川,Daxi River,2610,0,1,0@261000
262000,雙溪,Shuang River,2620,0,1,0@262000
264000,瑪鍊溪,Malian River,2640,0,1,0@264000
265000,員潭溪,Yuantan River,2650,0,1,0@265000
115000,水仙溪,Shuixian River,1150,0,2,0@115000
116000,寶斗溪,Baodou River,1160,0,2,0@116000
117000,林口溪,Linkou River,1170,0,10,0@117000
118000,南崁溪,Nankan River,1180,0,2,0@118000
118010,茄苳溪,Qiedong River,1180,118000,2,0@118000@118010
119000,埔心溪,Puxin River,1190,0,2,0@119000
120000,新街溪,Xinjie River,1200,0,2,0@120000
121000,老街溪,Laojie River,1210,0,2,0@121000
122000,富林溪,Fulin River,1220,0,2,0@122000
123000,大堀溪,Daku River,1230,0,2,0@123000
124000,觀音溪,Guanyin River,1240,0,2,0@124000
125000,新屋溪,Xinwu River,1250,0,2,0@125000
126000,社子溪,Shezi River,1260,0,2,0@126000
127000,福興溪排水,Fuxing River Drainage,1270,0,2,0@127000
128000,新豐溪,Xinfeng River,1280,0,2,0@128000
129000,鳳山溪,Fengshan River,1290,0,2,0@129000
129010,霄裡溪,Xiaoli River,1290,129000,2,0@129000@129010
130000,頭前溪,Touqian River,1300,0,2,0@130000
130010,上坪溪,Shangping River,1300,130000,2,0@130000@130010
130011,霞喀羅溪,Xiakaluo River,1300,130010,2,0@130000@130010@130011
130020,油羅溪,Youluo River,1300,130000,2,0@130000@130020
131000,客雅溪排水,Keya River Drainage,1310,0,2,0@131000
132000,鹽港溪排水,Yangang River Drainage,1320,0,2,0@132000
134000,中港溪,Zhonggang River,1340,0,2,0@134000
134010,南庄溪,Nanzhuang River,1340,134000,2,0@134000@134010
134020,南河溪,Nanhe River,1340,134000,2,0@134000@134020
134030,東河溪,Donghe River,1340,134000,2,0@134000@134030
134040,峨嵋溪,Emei River,1340,134000,2,0@134000@134040
134041,大坪溪,Daping River,1340,134040,2,0@134000@134040@134041
134050,南港溪,Nangang River,1340,134000,2,0@134000@134050
135000,後龍溪,Houlong River,1350,0,2,0@135000
135010,大湖溪,Dahu River,1350,135000,2,0@135000@135010
135020,南湖溪,Nanhu River,1350,135000,2,0@135000@135020
135030,汶水溪,Wenshui River,1350,135000,2,0@135000@135030
135040,鹽水坑溪,Yanshuikeng River,1350,135000,2,0@135000@135040
135050,雞隆河,Jilong River,1350,135000,2,0@135000@135050
135060,沙河溪,Shahe River,1350,135000,2,0@135000@135060
135061,打馬溝溪,Damagou River,1350,135060,2,0@135000@135060@135061
135062,飛鳳溪,Feifeng River,1350,135060,2,0@135000@135060@135062
135070,老田寮溪,Laotianliao River,1350,135000,2,0@135000@135070
135071,拔仔崗溪,Bazaigang River,1350,135070,2,0@135000@135070@135071
135080,新店溪,Xindian River,1350,135000,2,0@135000@135080
136000,西湖溪,Xihu River,1360,0,2,0@136000
137000,通霄溪,Tongxiao River,1370,0,2,0@137000
138000,苑裡溪,Yuanli River,1380,0,2,0@138000
139000,房裡溪,Fangli River,1390,0,2,0@139000
128010,德盛溪排水,De Sheng River Drainage,1280,128000,2,0@128000@128010
130030,柯子湖溪排水,Kezihu River Drainage,1300,130000,2,0@130000@130030
140000,大安溪,Daan River,1400,0,3,0@140000
140010,馬達拉溪,Madala River,1400,140000,3,0@140000@140010
140020,雪山溪,Xueshan River,1400,140000,3,0@140000@140020
140030,大雪溪,Daxue River,1400,140000,3,0@140000@140030
140040,北坑溪,Beikeng River,1400,140000,3,0@140000@140040
140050,雪山坑溪,Xueshankeng River,1400,140000,3,0@140000@140050
140060,烏石坑溪,Wushikeng River,1400,140000,3,0@140000@140060
140070,景山溪,Jingshan River,1400,140000,3,0@140000@140070
141000,溫寮溪,Wenliao River,1410,0,3,0@141000
142000,大甲溪,Dajia River,1420,0,3,0@142000
142010,七家灣溪,Qijiawan River,1420,142000,3,0@142000@142010
142020,四季郎溪,Sijilang River,1420,142000,3,0@142000@142020
142030,志樂溪,Zhile River,1420,142000,3,0@142000@142030
142040,匹亞桑溪,Piyasang River,1420,142000,3,0@142000@142040
143000,烏溪,Wu River,1430,0,3,0@143000
143010,北港溪,Beigang River,1430,143000,3,0@143000@143010
143011,水長流溪,Shuichangliu River,1430,143010,3,0@143000@143010@143011
143020,南港溪,Nangang River,1430,143000,3,0@143000@143020
143030,眉溪,Mei River,1430,143000,3,0@143000@143030
143040,貓羅溪,Maoluo River,1430,143000,3,0@143000@143040
143041,平林溪,Pinglin River,1430,143040,3,0@143000@143040@143041
143042,樟平溪,Changping River,1430,143040,3,0@143000@143040@143042
143050,大里溪,Dali River,1430,143000,3,0@143000@143050
143051,大坑溪,Dakeng River,1430,143050,3,0@143000@143050@143051
143052,廍子溪,Fazi River,1430,143050,3,0@143000@143050@143052
143053,旱溪,Han River,1430,143050,3,0@143000@143050@143053
143059,烏牛欄溪,Wuniulan River,1430,143053,3,0@143000@143050@143053@143059
14305A,龍虎鬪坑排水,Longhudoukeng Drainage,1430,143053,3,0@143000@143050@143053@14305A
143054,頭汴坑溪,Toubiankeng River,1430,143050,3,0@143000@143050@143054
143055,草湖溪,Caohu River,1430,143050,3,0@143000@143050@143055
14305B,北溝溪排水,Bei Gou River Drainage,1430,143055,3,0@143000@143050@143055@14305B
14305C,乾溪排水,Gan River Drainage,1430,143055,3,0@143000@143050@143055@14305C
143060,筏子溪,Fazi River,1430,143000,3,0@143000@143060
142050,食水嵙溪排水,Shi Shui Ke River Drainage,1420,142000,3,0@142000@142050
143056,旱溪排水,Han River,1430,143050,3,0@143000@143050@143056
14305D,柳川排水,Liuchuan Drainage,1430,143056,3,0@143000@143050@143056@14305D
143061,港尾子溪排水,Gang Wei Zi River Drainage,1430,143060,3,0@143000@143060@143061
144000,萬寮溪,Wanliao River,1440,0,4,0@144000
145000,洋仔厝溪,Yangzaicuo River,1450,0,4,0@145000
146000,員林大排水,Yuanlin Drainage,1460,0,4,0@146000
147000,舊濁水溪,Jiuzhuoshui River,1470,0,4,0@147000
148000,萬興排水幹線,Wanxing Drainage,1480,0,4,0@148000
149000,二林溪,Erlin River,1490,0,4,0@149000
150000,魚寮溪,Yuliao River,1500,0,4,0@150000
151000,濁水溪,Zhuoshui River,1510,0,4,0@151000
151010,陳有蘭溪,Chenyoulan River,1510,151000,4,0@151000@151010
151011,和社溪,Heshe River,1510,151010,4,0@151000@151010@151011
151012,沙里仙溪,Shalixian River,1510,151010,4,0@151000@151010@151012
151013,阿里不動,Alibudong River,1510,151010,4,0@151000@151010@151013
151014,筆石溪,Bishi River,1510,151010,4,0@151000@151010@151014
151015,十八重溪,Shibachong River,1510,151010,4,0@151000@151010@151015
151016,內茅埔溪,Neimaopu River,1510,151010,4,0@151000@151010@151016
151017,郡坑溪,Junkeng River,1510,151010,4,0@151000@151010@151017
151018,蒼庫溪,Cangku River,1510,151010,4,0@151000@151010@151018
151020,清水溪,Qingshui River,1510,151000,4,0@151000@151020
151021,阿里山溪,Alishan River,1510,151020,4,0@151000@151020@151021
151022,加走寮溪,Jiazouliao River,1510,151020,4,0@151000@151020@151022
151023,內田子溪,Neitianzi River,1510,151020,4,0@151000@151020@151023
151024,過溪,Guo River,1510,151020,4,0@151000@151020@151024
151025,雷公坑溪,Leigongkeng River,1510,151020,4,0@151000@151020@151025
151030,東埔蚋溪,Dongpurui River,1510,151000,4,0@151000@151030
151040,萬大溪,Wanda River,1510,151000,4,0@151000@151040
151050,卡社溪,Kashe River,1510,151000,4,0@151000@151050
151060,郡大溪,Junda River,1510,151000,4,0@151000@151060
151061,巒大溪,Luanda River,1510,151060,4,0@151000@151060@151061
151070,丹大溪,Danda River,1510,151000,4,0@151000@151070
151080,卓棍溪,Zhuogun River,1510,151000,4,0@151000@151080
151090,水里溪,Shuili River,1510,151000,4,0@151000@151090
1510A0,南清水溝溪,Nanqingshuigou River,1510,151000,4,0@151000@1510A0
1510B0,塔羅灣溪,Talurwan River,1510,151000,4,0@151000@1510B0
152000,新虎尾溪,Xinhuwei River,1520,0,5,0@152000
153000,舊虎尾溪,Jiuhuwei River,1530,0,5,0@153000
154000,北港溪,Beigang River,1540,0,5,0@154000
154010,虎尾溪,Huwei River,1540,154000,5,0@154000@154010
154011,石榴班溪,Shiliuban River,1540,154010,5,0@154000@154010@154011
154019,石子坑溪,Shizikeng River,1540,154011,5,0@154000@154010@154011@154019
15401A,內林溪,Neilin River,1540,154011,5,0@154000@154010@154011@15401A
15401B,牛埔溪,Niupu River,1540,154011,5,0@154000@154010@154011@15401B
154012,大埔溪,Dapu River,1540,154010,5,0@154000@154010@154012
154013,海豐崙溪,Haifenglun River,1540,154010,5,0@154000@154010@154013
154014,乾溪,Gan River,1540,154010,5,0@154000@154010@154014
154015,雲林溪,Yunlin River,1540,154010,5,0@154000@154010@154015
15401C,芭蕉溪,Bajiao River,1540,154015,5,0@154000@154010@154015@15401C
154020,三疊溪,Sandie River,1540,154000,5,0@154000@154020
154021,九芎坑溪,Jiuqiongkeng River,1540,154020,5,0@154000@154020@154021
154022,石龜溪,Shigui River,1540,154020,5,0@154000@154020@154022
154030,大湖口溪,Dahukou River,1540,154000,5,0@154000@154030
154040,石牛溪,Shiniu River,1540,154000,5,0@154000@154040
154041,崙子溪,Lunzi River,1540,154040,5,0@154000@154040@154041
155000,朴子溪,Pozi River,1550,0,5,0@155000
155010,牛稠溪,Niuchou River,1550,155000,5,0@155000@155010
155020,阿拔泉溪,Abaqyuan River,1550,155000,5,0@155000@155020
155030,崎腳溪,Qijiao River,1550,155000,5,0@155000@155030
155040,白樹腳溪,Baishujiao River,1550,155000,5,0@155000@155040
155041,東廣寮溪,Donguangliao River,1550,155040,5,0@155000@155040@155041
155050,濁水溪,Zhuoshui River,1550,155000,5,0@155000@155050
155051,番子路科溪,Fanziluke River,1550,155050,5,0@155000@155050@155051
155052,清水溪,Qingshui River,1550,155050,5,0@155000@155050@155052
155056,頂埔溪,Dingpu River,1550,155052,5,0@155000@155050@155052@155056
155060,獅子頭溪,Shizitou River,1550,155000,5,0@155000@155060
156000,內田排水排水路,Neitian River,1560,0,5,0@156000
157000,龍宮溪,Longgong River,1570,0,5,0@157000
158000,八掌溪,Bazhang River,1580,0,5,0@158000
158010,赤蘭溪,Chilan River,1580,158000,5,0@158000@158010
158011,澐水溪,Yunshui River,1580,158010,5,0@158000@158010@158011
158015,石?溪,Shi ? River,1580,158011,5,0@158000@158010@158011@158015
158020,頭前溪,Touqian River,1580,158000,5,0@158000@158020
158021,牛稠埔坑溪,Niu Chou Pu Keng River,1580,158020,5,0@158000@158020@158021
159000,急水溪,Jishui River,1590,0,5,0@159000
159010,龜重溪,Guizhong River,1590,159000,5,0@159000@159010
159011,鹿寮溪,Luliao River,1590,159010,5,0@159000@159010@159011
159012,茄苳溪,Qiedong River,1590,159010,5,0@159000@159010@159012
159020,白水溪,Baishui River,1590,159000,5,0@159000@159020
159021,仙草埔溪,Xiancaopu River,1590,159020,5,0@159000@159020@159021
159030,六重溪,Liuzhong River,1590,159000,5,0@159000@159030
160000,將軍溪排水,Jiangjun River Drainage,1600,0,5,0@160000
161000,劉厝排水,Liucuo River,1610,0,5,0@161000
161010,大塭寮排水,Dawenliao Drainage,1610,161000,5,0@161000@161010
154023,興安排水,Xingan Drainage,1540,154020,5,0@154000@154020@154023
155070,嘉義排水,Jiayi Drainage,1550,155000,5,0@155000@155070
155080,麻魚寮排水,Mayuliao Drainage,1550,155000,5,0@155000@155080
158030,湖子內排水(在來排水),Zai lai Drainage,1580,158000,5,0@158000@158030
158040,後庄排水(隆恩排水),Long en Drainage,1580,158000,5,0@158000@158040
163000,曾文溪,Zengwen River,1630,0,6,0@163000
163010,後堀溪,Houjue River,1630,163000,6,0@163000@163010
163020,菜寮溪,Cailiao River,1630,163000,6,0@163000@163020
163030,密枝溪,Mizhi River,1630,163000,6,0@163000@163030
163040,油車溪,Youche River,1630,163000,6,0@163000@163040
163041,灣丘溪,Wanqiu River,1630,163040,6,0@163000@163040@163041
163050,後旦溪,Houdan River,1630,163000,6,0@163000@163050
163060,官田溪,Guantian River,1630,163000,6,0@163000@163060
164000,鹿耳門溪,Luermen River,1640,0,6,0@164000
164010,學甲寮中排,Xuejialiao Drainage,1640,164000,6,0@164000@164010
164020,溪南寮排水,Xinanliao Drainage,1640,164000,6,0@164000@164020
164030,溪筏港之一排水,Xifagang No.1 Drainage,1640,164000,6,0@164000@164030
164040,溪筏港之二排水,Xifagang No.2 Drainage,1640,164000,6,0@164000@164040
164050,土城排水,Tucheng Drainage,1640,164000,6,0@164000@164050
164060,土城仔小排一之三,Tuchengzai No.1-3 Drainage,1640,164000,6,0@164000@164060
165010,虎頭溪排水,Hutou river Drainage,1650,165000,6,0@165000@165010
165020,許縣溪,Xuxian River,1650,165000,6,0@165000@165020
165030,那(草字部)菝林溪,Nabalin River,1650,165000,6,0@165000@165030
166000,二仁溪,Erren River,1660,0,6,0@166000
166010,三爺溪排水,San Ye River Drainage,1660,166000,6,0@166000@166010
166020,牛稠埔溪,Niuchoupu River,1660,166000,6,0@166000@166020
166030,松子腳溪,Songzijiao River,1660,166000,6,0@166000@166030
166040,深坑子溪,Shenkengzi River,1660,166000,6,0@166000@166040
166050,港尾溝排水,Gangweigou Drainage,1660,166000,6,0@166000@166050
167000,阿公店溪,Agongdian River,1670,0,6,0@167000
167010,濁水溪,Zhuoshui River,1670,167000,6,0@167000@167010
167020,旺萊溪,Wanglai River,1670,167000,6,0@167000@167020
167030,土庫排水,Tuku Drainage,1670,167000,6,0@167000@167030
167040,岡山溪,Gangshan River,1670,167000,6,0@167000@167040
168000,典寶溪排水,Dianbao River Drainage,1680,0,6,0@168000
169000,後勁溪,Houjin River,1690,0,6,0@169000
170000,愛河,Ai River,1700,0,6,0@170000
171000,前鎮河,Qianzhen River,1710,0,6,0@171000
172000,鹽水港溪,Yanshuigang River,1720,0,6,0@172000
106000,楓林溪,Fenglin River,1060,0,7,0@106000
173000,高屏溪,Gaoping River,1730,0,7,0@173000
173010,荖濃溪,Laonong River,1730,173000,7,0@173000@173010
173011,濁口溪,Zhuokou River,1730,173010,7,0@173000@173010@173011
173012,寶來溪,Baolai River,1730,173010,7,0@173000@173010@173012
173020,隘寮溪,Ailiao River,1730,173000,7,0@173000@173020
173021,武洛溪,Wuluo River,1730,173020,7,0@173000@173020@173021
173022,隘寮北溪,Ailiaobei River,1730,173020,7,0@173000@173020@173022
173023,隘寮南溪,Ailiaonan River,1730,173020,7,0@173000@173020@173023
173030,旗山溪,Qishan River,1730,173000,7,0@173000@173030
173031,口隘溪,Kouai River,1730,173030,7,0@173000@173030@173031
173032,美濃溪,Meinong River,1730,173030,7,0@173000@173030@173032
173033,武鹿溪,Wulu River,1730,173030,7,0@173000@173030@173033
174000,東港溪,Donggang River,1740,0,7,0@174000
174010,牛角灣溪,Niujiowan River,1740,174000,7,0@174000@174010
174020,萬安溪,Wanan River,1740,174000,7,0@174000@174020
175000,牛埔溪,Niupu River,1750,0,7,0@175000
176000,林邊溪,Linbian River,1760,0,7,0@176000
176010,力力溪,Lili River,1760,176000,7,0@176000@176010
177000,佳冬溪,Jiadong River,1770,0,7,0@177000
178000,北勢溪,Beishi River,1780,0,7,0@178000
179000,率芒溪,Lumang River,1790,0,7,0@179000
180000,南湖溪,Nanhu River,1800,0,7,0@180000
181000,十里溪,Shili River,1810,0,7,0@181000
182000,枋山溪,Fangshan River,1820,0,7,0@182000
183000,楓港溪,Fenggang River,1830,0,7,0@183000
184000,石盤溪,Shipan River,1840,0,7,0@184000
185000,四重溪,Sizhong River,1850,0,7,0@185000
185010,里仁溪,Liren River,1850,185000,7,0@185000@185010
185020,牡丹溪,Mudan River,1850,185000,7,0@185000@185020
185030,竹社溪,Zhushe River,1850,185000,7,0@185000@185030
185040,大梅溪,Damei River,1850,185000,7,0@185000@185040
186000,保力溪,Baoli River,1860,0,7,0@186000
201000,港口溪,Gangkou River,2010,0,7,0@201000
201010,吧沙加魯溪,Bashajialu River,2010,201000,7,0@201000@201010
201020,小路溪,Xiaolu River,2010,201000,7,0@201000@201020
201030,欖仁溪,Lanren River,2010,201000,7,0@201000@201030
201040,老佛溪,Laofo River,2010,201000,7,0@201000@201040
201050,加都魯溪,Jiadoulu River,2010,201000,7,0@201000@201050
201060,林祿溪,Linlu River,2010,201000,7,0@201000@201060
201070,白沙彌溪,Baishami River,2010,201000,7,0@201000@201070
202000,九棚溪,Jiupeng River,2020,0,7,0@202000
203000,港子溪,Gangzi River,2030,0,7,0@203000
204000,旭海溪,Xuhai River,2040,0,7,0@204000
205000,乾溪,Gan River,2050,0,7,0@205000
104000,石門溪,Shimen River,1040,0,8,0@104000
133000,新港溪,Xingang River,1330,0,8,0@133000
206000,塔瓦溪,Tawa River,2060,0,8,0@206000
207000,達仁溪,Daren River,2070,0,8,0@207000
208000,安朔溪,Anshuo River,2080,0,8,0@208000
209000,朝庸溪,Chaoyong River,2090,0,8,0@209000
210000,大武溪,Dawu River,2100,0,8,0@210000
211000,烏萬溪,Wuwan River,2110,0,8,0@211000
212000,津林溪,Jinlin River,2120,0,8,0@212000
213000,大竹溪,Dazhu River,2130,0,8,0@213000
214000,金崙溪,Jinlun River,2140,0,8,0@214000
215000,太麻里溪,Taimali River,2150,0,8,0@215000
216000,文里溪,Wenli River,2160,0,8,0@216000
217000,知本溪,Zhiben River,2170,0,8,0@217000
218000,利嘉溪,Lijia River,2180,0,8,0@218000
219000,太平溪,Taiping River,2190,0,8,0@219000
220010,新武呂溪,XinwuLü River,2200,220000,8,0@220000@220010
220020,鹿寮溪,Luliao River,2200,220000,8,0@220000@220020
220030,鹿野溪,Luye River,2200,220000,8,0@220000@220030
220031,鹿鳴溪,Luming River,2200,220030,8,0@220000@220030@220031
220032,嘉豐溪,Jiafeng River,2200,220030,8,0@220000@220030@220032
220033,嘉豐二號溪,Jiafeng NO.2 River,2200,220030,8,0@220000@220030@220033
220034,和平溪,Heping River,2200,220030,8,0@220000@220030@220034
220035,嘉豐一號溪,Jiafeng NO.1 River,2200,220030,8,0@220000@220030@220035
220040,萬安溪,Wanan River,2200,220000,8,0@220000@220040
220050,泥水溪,Nishui River,2200,220000,8,0@220000@220050
220060,嘉武溪,Jiawu River,2200,220000,8,0@220000@220060
220070,紅石溪,Hongshi River,2200,220000,8,0@220000@220070
220071,楠溪,Nan River,2200,220000,8,0@220000@220071
220080,崁頂溪,Kanding River,2200,220000,8,0@220000@220080
220090,加鹿溪,Jialu River,2200,220000,8,0@220000@220090
2200A0,加典溪,Jiadian River,2200,220000,8,0@220000@2200A0
2200B0,濁水溪,Zhuoshui River,2200,220000,8,0@220000@2200B0
2200C0,中野溪,Zhongye River,2200,220000,8,0@220000@2200C0
2200D0,山里溪,Shanli River,2200,220000,8,0@220000@2200D0
2200E0,富源溪,Fuyuan River,2200,220000,8,0@220000@2200E0
2200F0,拉庫散溪,Lakusan River,2200,220000,8,0@220000@2200F0
2200G0,木坑溪,Mukeng River,2200,220000,8,0@220000@2200G0
2200H0,石山溪,Shishan River,2200,220000,8,0@220000@2200H0
2200I0,山里一號溪,Shanli No.1 River,2200,220000,8,0@220000@2200I0
221000,都蘭溪,Doulan River,2210,0,8,0@221000
223000,馬武溪,Mawu River,2230,0,8,0@223000
224000,成功溪,Chenggong River,2240,0,8,0@224000
225000,富家溪,Fujia River,2250,0,8,0@225000
226000,都威溪,Douwei River,2260,0,8,0@226000
227000,沙灣溪,Shawan River,2270,0,8,0@227000
228000,寧埔溪,Ningpu River,2280,0,8,0@228000
229000,竹湖溪,Zhuhu River,2290,0,8,0@229000
230000,大德溪,Dade River,2300,0,8,0@230000
231000,長濱溪,Zhangbin River,2310,0,8,0@231000
232000,城埔溪,Chengpu River,2320,0,8,0@232000
233000,馬海溪,Mahai River,2330,0,8,0@233000
234000,山間溪,Shanjian River,2340,0,8,0@234000
235000,水母溪,Shuimu River,2350,0,8,0@235000
222000,八里溪,Bali River,2220,0,9,0@222000
236000,三富溪,Sanfu River,2360,0,9,0@236000
237000,秀姑巒溪,Xiuguluan River,2370,0,9,0@237000
237010,三笠溪,Sanli River,2370,237000,9,0@237000@237010
237020,樂樂溪,Lele River,2370,237000,9,0@237000@237020
237021,清水溪,Qingshui River,2370,237020,9,0@237000@237020@237021
237030,卓溪,Zhuo River,2370,237000,9,0@237000@237030
237040,豐坪溪,Fengping River,2370,237000,9,0@237000@237040
237041,中平溪,Zhongping River,2370,237040,9,0@237000@237040@237041
237050,紅葉溪,Hongye River,2370,237000,9,0@237000@237050
237060,富源溪,Fuyuan River,2370,237000,9,0@237000@237060
237061,富興溪,Fuxing River,2370,237060,9,0@237000@237060@237061
237062,太多蘭溪,Taidoulan River,2370,237060,9,0@237000@237060@237062
237063,大肚滑溪,Daduhua River,2370,237060,9,0@237000@237060@237063
237064,阿夜西溪,Ayexi River,2370,237060,9,0@237000@237060@237064
237065,馬遠溪,Mayuan River,2370,237060,9,0@237000@237060@237065
237070,大坡溪,Dapo River,2370,237000,9,0@237000@237070
237080,鰲溪,Ao River,2370,237000,9,0@237000@237080
237090,螺仔溪,Luozai River,2370,237000,9,0@237000@237090
2370A0,崙天溪,Luntian River,2370,237000,9,0@237000@2370A0
2370A1,打巴溪,Daba River,2370,2370A0,9,0@237000@2370A0@2370A1
2370A2,秀巒溪,Xiuluan River,2370,2370A0,9,0@237000@2370A0@2370A2
2370B0,九岸溪,Jiuan River,2370,237000,9,0@237000@2370B0
2370C0,馬加祿溪,Majialu River,2370,237000,9,0@237000@2370C0
2370D0,阿眉溪,Amei River,2370,237000,9,0@237000@2370D0
2370E0,安通溪,Antong River,2370,237000,9,0@237000@2370E0
2370F0,樂合溪,Lehe River,2370,237000,9,0@237000@2370F0
2370G0,高寮溪,Gauliao River,2370,237000,9,0@237000@2370G0
2370H0,尋腰溪,Xunyao River,2370,237000,9,0@237000@2370H0
2370I0,阿美溪,Amei River,2370,237000,9,0@237000@2370I0
2370J0,呂範溪,Fufan River,2370,237000,9,0@237000@2370J0
2370K0,苓仔溪,Lingzai River,2370,237000,9,0@237000@2370K0
2370L0,樂和溪,Lehe River,2370,237000,9,0@237000@2370L0
238000,豐濱溪,Fengbin River,2380,0,9,0@238000
239000,加蘭溪,Jialan River,2390,0,9,0@239000
240000,蕃寮溪,Fanliao River,2400,0,9,0@240000
241000,水璉溪,Shuilian River,2410,0,9,0@241000
242000,花蓮溪,Hualian River,2420,0,9,0@242000
242010,光復溪,Guangfu River,2420,242000,9,0@242000@242010
242011,大興溪,Daxing River,2420,242010,9,0@242000@242010@242011
242020,馬太鞍溪,Matai'an River,2420,242000,9,0@242000@242020
242030,萬里溪,Wanli River,2420,242000,9,0@242000@242030
242040,壽豐溪,Shoufeng River,2420,242000,9,0@242000@242040
242050,木瓜溪,Mugua River,2420,242000,9,0@242000@242050
242051,文蘭溪,Wenlan River,2420,242050,9,0@242000@242050@242051
242060,河內溪,He Nei River,2420,242000,9,0@242000@242060
242070,馬佛溪,Mofo River,2420,242000,9,0@242000@242070
242071,莫溪,Mo River,2420,242070,9,0@242000@242070@242071
242080,羅莫溪,Luomo River,2420,242000,9,0@242000@242080
242090,加里洞溪,Jialidong River,2420,242000,9,0@242000@242090
2420A0,鳳林溪,Fenglin River,2420,242000,9,0@242000@2420A0
2420B0,北清水溪,North Cingshuei River,2420,242000,9,0@242000@2420B0
2420C0,荖溪,Lao River,2420,242000,9,0@242000@2420C0
2420D0,麗太溪,Litai River,2420,242000,9,0@242000@2420D0
2420E0,南清水溪,South Cingshuei River,2420,242000,9,0@242000@2420E0
2420F0,大和溪,Dahe River,2420,242000,9,0@242000@2420F0
243000,吉安溪,Jian River,2430,0,9,0@243000
244000,美崙溪,Meilun River,2440,0,9,0@244000
245000,三棧溪,Sanzhan River,2450,0,9,0@245000
246000,立霧溪,Liwu River,2460,0,9,0@246000
247000,石公溪,Shigong River,2470,0,9,0@247000
248000,大富溪,Dafu River,2480,0,9,0@248000
249000,大清水溪,Daqing River,2490,0,9,0@249000
101000,磺溪,Huang River,1010,0,10,0@101000
102000,小坑溪,Xiaokeng River,1020,0,10,0@102000
103000,乾華溪,Ganhua River,1030,0,10,0@103000
105000,老梅溪,Laomei River,1050,0,10,0@105000
107000,八甲溪,Bajia River,1070,0,10,0@107000
108000,埔坪溪,Puping River,1080,0,10,0@108000
109000,八蓮溪,Balian River,1090,0,10,0@109000
110000,大屯溪,Datun River,1100,0,10,0@110000
111000,後州溪,Houzhou River,1110,0,10,0@111000
112000,興仁溪,Xingren River,1120,0,10,0@112000
113000,林子溪,Linzi River,1130,0,10,0@113000
114000,淡水河,Danshui River,1140,0,10,0@114000
114010,大漢溪,Dahan River,1140,114000,10,0@114000@114010
114011,三峽溪,Sanxia River,1140,114010,10,0@114000@114010@114011
11401B,大豹溪,Dabao River,1140,114011,10,0@114000@114010@114011@11401B
11401C,二鬮溪,Erjiu River,1140,114011,10,0@114000@114010@114011@11401C
11401D,中埔溪,Zhongpu River,1140,114011,10,0@114000@114010@114011@11401D
11401E,竹崙溪,Zhulun River,1140,114011,10,0@114000@114010@114011@11401E
11401F,竹坑溪,Zhukeng River,1140,114011,10,0@114000@114010@114011@11401F
11401G,橫溪,Heng River,1140,114011,10,0@114000@114010@114011@11401G
114012,鶯歌溪(兔子坑溪排水),Tu Zi Keng River Drainage,1140,114010,10,0@114000@114010@114012
114013,塔寮坑溪,Taliaokeng River,1140,114010,10,0@114000@114010@114013
114014,塔克金溪,Takejin River,1140,114010,10,0@114000@114010@114014
114015,三光溪,Sanguang River,1140,114010,10,0@114000@114010@114015
114016,泰崗溪,Taigang River,1140,114010,10,0@114000@114010@114016
114017,白石溪,Baishi River,1140,114010,10,0@114000@114010@114017
114020,新店溪,Xindian River,1140,114000,10,0@114000@114020
114021,南勢溪,Nanshi River,1140,114020,10,0@114000@114020@114021
114028,軋孔溪,Gakong River,1140,114021,10,0@114000@114020@114021@114028
114029,大羅蘭溪,Daluolan River,1140,114021,10,0@114000@114020@114021@114029
11402A,桶後溪,Tonghou River,1140,114021,10,0@114000@114020@114021@11402A
114022,北勢溪,Beishi River,1140,114020,10,0@114000@114020@114022
11402B,後寮溪,Houliao River,1140,114022,10,0@114000@114020@114022@11402B
11402C,溪尾寮溪,Xiweiliao River,1140,114022,10,0@114000@114020@114022@11402C
11402D,坪溪,Ping River,1140,114022,10,0@114000@114020@114022@11402D
11402E,灣潭溪,Wantan River,1140,114022,10,0@114000@114020@114022@11402E
11402F,金瓜寮溪,Jingualiao River,1140,114022,10,0@114000@114020@114022@11402F
11402G,石硿子溪,Shikongzi River,1140,114022,10,0@114000@114020@114022@11402G
11402H,後坑溪,Houkeng River,1140,114022,10,0@114000@114020@114022@11402H
114023,景美溪,Jingmei River,1140,114020,10,0@114000@114020@114023
11402I,烏塗溪,Wutu River,1140,114023,10,0@114000@114020@114023@11402I
11402J,指南溪,Zhinan River,1140,114023,10,0@114000@114020@114023@11402J
11402K,老泉溪,Laoquan River,1140,114023,10,0@114000@114020@114023@11402K
11402L,無名溪,Wuming River,1140,114023,10,0@114000@114020@114023@11402L
11402M,中間溪,Zhongjian River,1140,114023,10,0@114000@114020@114023@11402M
11402N,永定溪,Yongding River,1140,114023,10,0@114000@114020@114023@11402N
114024,青潭溪,Qingtan River,1140,114020,10,0@114000@114020@114024
114030,基隆河,Keelung River,1140,114000,10,0@114000@114030
114031,暖暖溪,Nuannuan River,1140,114030,10,0@114000@114030@114031
114032,大武崙溪,Dawulun River,1140,114030,10,0@114000@114030@114032
114033,拔西猴溪,Baxihou River,1140,114030,10,0@114000@114030@114033
114034,瑪陵坑溪,Malingkeng River,1140,114030,10,0@114000@114030@114034
114035,友蚋溪,Yourui River,1140,114030,10,0@114000@114030@114035
114036,保長坑溪,Baozhangkeng River,1140,114030,10,0@114000@114030@114036
114037,茄苳溪,Qiedong River,1140,114030,10,0@114000@114030@114037
114038,禮門溪,Limen River,1140,114030,10,0@114000@114030@114038
114039,智慧溪,Zhihui River,1140,114030,10,0@114000@114030@114039
11403A,北港溪,Beigang River,1140,114030,10,0@114000@114030@11403A
11403B,康誥坑溪,Kanggaokeng River,1140,114030,10,0@114000@114030@11403B
11403C,下寮溪,Xialiao River,1140,114030,10,0@114000@114030@11403C
11403D,大坑溪排水,Da Keng River Drainage,1140,114030,10,0@114000@114030@11403D
11403E,四分溪,Sifen River,1140,114030,10,0@114000@114030@11403E
11403F,草濫溪,Caolan River,1140,114030,10,0@114000@114030@11403F
11403G,內溝溪排水,Nei Gou River Drainage,1140,114030,10,0@114000@114030@11403G
11403R,安泰溪,Antai River,1140,11403G,10,0@114000@114030@11403G@11403R
11403H,雙溪,Shuang River,1140,114030,10,0@114000@114030@11403H
11403S,內雙溪,Neishuang River,1140,11403H,10,0@114000@114030@11403H@11403S
11403T,外雙溪,Waishuang River,1140,11403H,10,0@114000@114030@11403H@11403T
11403U,猴洞坑溪,Houdongkeng River,1140,11403H,10,0@114000@114030@11403H@11403U
11403I,磺溪,Huang River,1140,114030,10,0@114000@114030@11403I
11403J,磺港溪,Huanggang River,1140,114030,10,0@114000@114030@11403J
11403K,貴子坑溪,Guizikeng River,1140,114030,10,0@114000@114030@11403K
11403L,石厝坑溪,Shicuokeng River,1140,114030,10,0@114000@114030@11403L
11403M,拔下二溪,Baxiaer River,1140,114030,10,0@114000@114030@11403M
11403N,關渡溪,Guandu River,1140,114030,10,0@114000@114030@11403N
114040,疏洪道,Floodway River,1140,114000,10,0@114000@114040
114050,樹梅坑溪,Shumeikeng River,1140,114000,10,0@114000@114050
263000,尖山腳溪,Jianshanjiao River,2630,0,10,0@263000
114018,玉峰溪(馬里闊丸溪),Ma Li Kuo Wan River,1140,114010,10,0@114000@114010@114018
2560G0,嘉興溪,Jia Xing River,2560,256000,1,0@256000@2560G0
2560H0,加蘭溪,Jia Lan River,2560,256000,1,0@256000@2560H0
2560I0,德荃溪,De Quan River,2560,256000,1,0@256000@2560I0
2560J0,志航溪,Zhi Hang River,2560,256000,1,0@256000@2560J0
2560K0,茂安溪,Mao An River,2560,256000,1,0@256000@2560K0
2560L0,留茂安溪,Liu Mao an River,2560,256000,1,0@256000@2560L0
2560M0,加納富溪,JJa Na fu River,2560,256000,1,0@256000@2560M0
2560N0,碧水溪,Bi Shui River,2560,256000,1,0@256000@2560N0
2560O0,四重溪,Si Zhong River,2560,256000,1,0@256000@2560O0
2560P0,美優溪,Mei You River,2560,256000,1,0@256000@2560P0
143070,同安厝排水,Tong An Cuo Drainage,1430,143000,3,0@143000@143070
127010,伯公岡支線,bo gong gang zhi xian,1270,127000,2,0@127000@127010
127020,六股溪排水,liu gu xi pai shui,1270,127000,2,0@127000@127020
11403O,深澳坑溪排水,Ao Keng River Drainage,1140,114030,10,0@114000@114030@11403O
11403P,大內坑溪排水,Da Nei Keng River Drainage,1140,114030,10,0@114000@114030@11403P
128011,四湖支線,Si Hu Zhi Xian,1280,128010,2,0@128000@128010@128011
143043,隘寮溪排水,Ai Liao River Drainage,1430,143040,3,0@143000@143040@143043
155081,埤麻腳排水,Pi Ma Jiao Drainage,1550,155080,5,0@155000@155080@155081
166011,西機場排水,Xi Ji Chang,1660,166010,6,0@166000@166010@166011
173034,吉洋排水,Ji Yang Drainage,1730,173030,7,0@173000@173030@173034
173035,外六寮排水,Wai Liu Liao Drainage,1730,173030,7,0@173000@173030@173035
14306A,四塊厝圳支線,Si Kuai Cuo Zun Ahi Zhi Xian,1430,143061,3,0@143000@143060@143061@14306A
14306C,員寶庄圳支線,Yuan Bao Zhuang Zun Zhi Xian,1430,143061,3,0@143000@143060@143061@14306C
14306D,大埔厝圳支線,Da Pu Cuo Zun Zhi Xian,1430,143061,3,0@143000@143060@143061@14306D
15402A,興安中排四,Xing An Zhong Pai Si,1540,154023,5,0@154000@154020@154023@15402A
17303A,高雄農場排水,Gao Xiong Nong Chang Pai Shui,1730,173035,7,0@173000@173030@173035@17303A
